-- phpMyAdmin SQL Dump
-- version 5.2.0
-- https://www.phpmyadmin.net/
--
-- Host: 127.0.0.1
-- Waktu pembuatan: 11 Jun 2025 pada 03.26
-- Versi server: 10.4.25-MariaDB
-- Versi PHP: 8.1.10

SET SQL_MODE = "NO_AUTO_VALUE_ON_ZERO";
START TRANSACTION;
SET time_zone = "+00:00";


/*!40101 SET @OLD_CHARACTER_SET_CLIENT=@@CHARACTER_SET_CLIENT */;
/*!40101 SET @OLD_CHARACTER_SET_RESULTS=@@CHARACTER_SET_RESULTS */;
/*!40101 SET @OLD_COLLATION_CONNECTION=@@COLLATION_CONNECTION */;
/*!40101 SET NAMES utf8mb4 */;

--
-- Database: `bubin`
--

-- --------------------------------------------------------

--
-- Struktur dari tabel `akun`
--

CREATE TABLE `akun` (
  `ID` int(11) NOT NULL,
  `EMAIL` varchar(100) DEFAULT NULL,
  `PASSWORD` varchar(100) DEFAULT NULL,
  `AKSES` varchar(50) DEFAULT NULL
) ENGINE=InnoDB DEFAULT CHARSET=utf8mb4;

--
-- Dumping data untuk tabel `akun`
--

INSERT INTO `akun` (`ID`, `EMAIL`, `PASSWORD`, `AKSES`) VALUES
(1, 'h@gamil.com', '12345678', 'p');

-- --------------------------------------------------------

--
-- Struktur dari tabel `gudang`
--

CREATE TABLE `gudang` (
  `ID_BARANG` int(11) NOT NULL,
  `id_user` int(11) NOT NULL,
  `NAMA` varchar(225) DEFAULT NULL,
  `JUMLAH` varchar(50) DEFAULT NULL,
  `SATUAN` varchar(50) DEFAULT NULL
) ENGINE=InnoDB DEFAULT CHARSET=utf8mb4;

--
-- Dumping data untuk tabel `gudang`
--

INSERT INTO `gudang` (`ID_BARANG`, `id_user`, `NAMA`, `JUMLAH`, `SATUAN`) VALUES
(87, 1, 'rostip', NULL, NULL),
(88, 1, 'tepung kanji', '28', 'px'),
(89, 1, 'tepung beras', '16', 'px'),
(90, 1, 'nutrijel melon', '72', 'px'),
(91, 1, 'nutrijel plan', '72', 'px'),
(92, 1, 'nutrijel jeruk', NULL, NULL),
(93, 1, 'nutrijel kelapa', '72', 'px'),
(94, 1, 'leapeein', '3', 'biji'),
(95, 1, 'agar hijau', '60', 'px'),
(96, 1, 'agar plan', '65', 'px'),
(97, 1, 'jamur hitam', NULL, NULL),
(98, 1, 'jamur putih', '1000', 'gr'),
(99, 1, 'lada hitam bubuk', '7', 'px'),
(100, 1, 'lada hitam ungkul', '1,000', 'gr'),
(101, 1, 'jahe', '0', 'kg'),
(102, 1, 'laos', '0', 'kg'),
(103, 1, 'susu carnation', NULL, NULL),
(104, 1, 'keju prociz', '41', 'biji'),
(105, 1, 'nata de coco', '11', 'px'),
(106, 1, 'magic', '12', 'renteng'),
(107, 1, 'telor', '181', 'butir'),
(108, 1, 'bawang putih', '8', 'kg'),
(109, 1, 'gula merah', '0', 'kg'),
(110, 1, 'tepung cakra', '20', 'kg'),
(111, 1, 'gula pasir', '59.5', 'kg'),
(112, 1, 'bawang merah', '5', 'kg'),
(113, 1, 'vitsin udang', '4', 'px'),
(114, 1, 'sabun ekonomi', '7', 'px'),
(115, 1, 'creamer', '12', 'px'),
(116, 1, 'kecap', '6', 'jurigen'),
(117, 1, 'a.atl biasa', NULL, NULL),
(118, 1, 'a.atl jumbo', NULL, NULL),
(119, 1, 'a.sop buntut', NULL, NULL),
(120, 1, 'a.ayam rempah', NULL, NULL),
(121, 1, 'black sinegar', '4', 'botol'),
(122, 1, 'marjan melon', '27', 'botol'),
(123, 1, 'marjan lemon', '21', 'botol'),
(124, 1, 'ladaku', '2', 'renteng'),
(125, 1, 'nkkoplus', '4', 'px'),
(126, 1, 'oyster sause', '9', 'botol'),
(127, 1, 'saos 3 anak', '20', 'botol'),
(128, 1, 'saos raja rasa', '25', 'botol'),
(129, 1, 'bombay', '0', 'kh'),
(130, 1, 'garam', '4', 'bal'),
(131, 1, 'mie eko', '0', 'px'),
(132, 1, 'soun', '1', 'px'),
(133, 1, 'mayonais maestro', '25', 'px'),
(134, 1, 'teh dandang', '3', 'px'),
(135, 1, 'nutrisari', '27', 'dus'),
(136, 1, 'abc leci', '9', 'px'),
(137, 1, 'mayonais mc lewis', '16', 'px'),
(138, 1, 'kecap ikan finna', '12', 'botol'),
(139, 1, 'saos delmonte tomat', '6', 'jurigen'),
(140, 1, 'kentang', '0', 'kg'),
(141, 1, 'nutrijel cao', '8', 'dus'),
(142, 1, 'a.sambal goreng kentang', NULL, NULL),
(143, 1, 'a.odp', NULL, NULL),
(144, 1, 'a.rawon', NULL, NULL),
(145, 1, 'a.kare', NULL, NULL),
(146, 1, 'mie gucci', '0', 'px'),
(147, 1, 'a.kresngsengan', NULL, NULL),
(148, 1, 'marjan sirsak', '3', 'botol'),
(149, 1, 'kacang tanah', '0', 'kg'),
(150, 1, 'teh bandul', '3', 'px'),
(151, 1, 'a.bebek', NULL, NULL),
(152, 1, 'manggi seasoning', '5', 'botol'),
(153, 1, 'abc sirsak', '9', 'botol'),
(154, 1, 'kecap 1.5 kg', '2', 'px'),
(155, 1, 'sunlight 1 kg', '0', 'pcs'),
(156, 1, 'susu evapor', '64', 'kaleng'),
(157, 1, 'saos inggris', '5', 'botol'),
(158, 1, 'minyak wijen', '8', 'botol'),
(159, 1, 'kecap jamur', '14', 'botol'),
(160, 1, 'merica', '2', 'kg'),
(161, 1, 'tepung panir', '3', 'karung'),
(162, 1, 'a.garang asem', NULL, NULL),
(163, 1, 'a.sambal hijau', NULL, NULL),
(164, 1, 'a.nasi kebuli', NULL, NULL),
(165, 1, 'sttp', '6', 'pcs'),
(166, 1, 'bihun jagung', NULL, NULL),
(167, 1, 'perasaan forest', '0', 'pcs'),
(168, 1, 'sabun colek', '5', 'pcs'),
(169, 1, 'a.ayam rempah jumbo', NULL, NULL),
(170, 1, 'saos delmonte cabe', '5', 'jurigen'),
(171, 1, 'a.sayur sop', NULL, NULL),
(172, 1, 'kemiri', '2', 'kg'),
(173, 1, 'ketumbar', '0.25', 'gr'),
(174, 1, 'sterno', '71', 'pcs'),
(175, 1, 'panir', '4.5', 'kg'),
(176, 1, 'a.botok tahu tempe', NULL, NULL),
(177, 1, 'a.brengkes', NULL, NULL),
(178, 1, 'selasih', '2', 'bks'),
(179, 1, 'minyak 950 ml', '28', 'botol'),
(180, 1, 'minyak 2 liter', '0', 'bks'),
(181, 1, 'tepung ketan', '2', 'px'),
(182, 1, 'cuka', '1', 'bendel'),
(184, 1, 'percobaan1', '17', 'pcs');

-- --------------------------------------------------------

--
-- Struktur dari tabel `keluar`
--

CREATE TABLE `keluar` (
  `ID_KELUAR` int(11) NOT NULL,
  `ID_BARANG` int(11) NOT NULL,
  `TANGGAL_KELUAR` datetime DEFAULT NULL,
  `JUMLAH_KELUAR` varchar(11) DEFAULT NULL,
  `LOKASI` varchar(50) DEFAULT NULL
) ENGINE=InnoDB DEFAULT CHARSET=utf8mb4;

--
-- Dumping data untuk tabel `keluar`
--

INSERT INTO `keluar` (`ID_KELUAR`, `ID_BARANG`, `TANGGAL_KELUAR`, `JUMLAH_KELUAR`, `LOKASI`) VALUES
(2872, 106, '2025-04-13 00:00:00', '1', NULL),
(2873, 107, '2025-04-13 00:00:00', '47', NULL),
(2874, 108, '2025-04-13 00:00:00', '3', NULL),
(2875, 109, '2025-04-13 00:00:00', '3', NULL),
(2876, 110, '2025-04-14 00:00:00', '6', NULL),
(2877, 111, '2025-04-14 00:00:00', '2', NULL),
(2878, 106, '2025-04-14 00:00:00', '2', NULL),
(2879, 107, '2025-04-17 00:00:00', '30', NULL),
(2880, 107, '2025-04-14 00:00:00', '30', NULL),
(2881, 107, '2025-04-14 00:00:00', '2', NULL),
(2882, 112, '2025-04-14 00:00:00', '4.5', NULL),
(2883, 113, '2025-04-14 00:00:00', '1', NULL),
(2884, 114, '2025-04-14 00:00:00', '1', NULL),
(2885, 113, '2025-04-15 00:00:00', '2', NULL),
(2886, 107, '2025-04-15 00:00:00', '30', NULL),
(2887, 113, '2025-04-15 00:00:00', '1', NULL),
(2888, 104, '2025-04-15 00:00:00', '5', NULL),
(2889, 108, '2025-04-15 00:00:00', '6', NULL),
(2890, 111, '2025-04-15 00:00:00', '4', NULL),
(2891, 107, '2025-04-15 00:00:00', '5', NULL),
(2892, 107, '2025-04-15 00:00:00', '7', NULL),
(2893, 109, '2025-04-15 00:00:00', '1', NULL),
(2894, 111, '2025-04-15 00:00:00', '1', NULL),
(2895, 107, '2025-04-16 00:00:00', '30', NULL),
(2896, 108, '2025-04-16 00:00:00', '5', NULL),
(2897, 101, '2025-04-16 00:00:00', '2', NULL),
(2898, 102, '2025-04-16 00:00:00', '3', NULL),
(2899, 114, '2025-04-16 00:00:00', '1', NULL),
(2900, 104, '2025-04-16 00:00:00', '3', NULL),
(2901, 106, '2025-04-16 00:00:00', '2', NULL),
(2902, 111, '2025-04-16 00:00:00', '4', NULL),
(2903, 103, '2025-04-16 00:00:00', '10', NULL),
(2904, 103, '2025-04-17 00:00:00', '10', NULL),
(2905, 111, '2025-04-17 00:00:00', '4', NULL),
(2906, 115, '2025-04-17 00:00:00', '2', NULL),
(2907, 97, '2025-04-17 00:00:00', '500', NULL),
(2908, 98, '2025-04-17 00:00:00', '500', NULL),
(2909, 116, '2025-04-17 00:00:00', '1', NULL),
(2910, 110, '2025-04-17 00:00:00', '20', NULL),
(2911, 117, '2025-04-16 00:00:00', '220', NULL),
(2912, 118, '2025-04-16 00:00:00', '40', NULL),
(2913, 119, '2025-04-16 00:00:00', '9', NULL),
(2914, 120, '2025-04-16 00:00:00', '85', NULL),
(2915, 113, '2025-04-16 00:00:00', '1', NULL),
(2916, 89, '2025-04-16 00:00:00', '2', NULL),
(2917, 88, '2025-04-16 00:00:00', '2', NULL),
(2918, 92, '2025-04-18 00:00:00', '24', NULL),
(2919, 93, '2025-04-18 00:00:00', '24', NULL),
(2920, 115, '2025-04-18 00:00:00', '2', NULL),
(2921, 90, '2025-04-18 00:00:00', '24', NULL),
(2922, 87, '2025-04-18 00:00:00', '1', NULL),
(2923, 112, '2025-04-18 00:00:00', '10.5', NULL),
(2924, 121, '2025-04-18 00:00:00', '1', NULL),
(2925, 122, '2025-04-18 00:00:00', '2', NULL),
(2926, 123, '2025-04-18 00:00:00', '14', NULL),
(2927, 104, '2025-04-18 00:00:00', '1', NULL),
(2928, 124, '2025-04-18 00:00:00', '3', NULL),
(2929, 125, '2025-04-18 00:00:00', '2', NULL),
(2930, 126, '2025-04-18 00:00:00', '1', NULL),
(2931, 87, '2025-04-18 00:00:00', '1', NULL),
(2932, 114, '2025-04-18 00:00:00', '2', NULL),
(2933, 114, '2025-04-18 00:00:00', '3', NULL),
(2934, 127, '2025-04-18 00:00:00', '2', NULL),
(2935, 103, '2025-04-18 00:00:00', '11', NULL),
(2936, 88, '2025-04-18 00:00:00', '3', NULL),
(2937, 129, '2025-04-18 00:00:00', '2', NULL),
(2938, 107, '2025-04-18 00:00:00', '90', NULL),
(2939, 87, '2025-04-18 00:00:00', '2', NULL),
(2940, 106, '2025-04-18 00:00:00', '2', NULL),
(2941, 113, '2025-04-18 00:00:00', '2', NULL),
(2942, 107, '2025-04-18 00:00:00', '30', NULL),
(2943, 107, '2025-04-18 00:00:00', '10', NULL),
(2944, 111, '2025-04-18 00:00:00', '2', NULL),
(2945, 111, '2025-04-18 00:00:00', '3', NULL),
(2946, 109, '2025-04-18 00:00:00', '1', NULL),
(2947, 123, '2025-04-18 00:00:00', '1', NULL),
(2948, 111, '2025-04-18 00:00:00', '5', NULL),
(2949, 106, '2025-04-18 00:00:00', '2', NULL),
(2950, 130, '2025-04-18 00:00:00', '1', NULL),
(2951, 131, '2025-04-18 00:00:00', '3', NULL),
(2952, 132, '2025-04-18 00:00:00', '3', NULL),
(2953, 89, '2025-04-18 00:00:00', '2', NULL),
(2954, 133, '2025-04-18 00:00:00', '4', NULL),
(2955, 103, '2025-04-18 00:00:00', '4', NULL),
(2956, 122, '2025-04-18 00:00:00', '3', NULL),
(2957, 134, '2025-04-18 00:00:00', '3', NULL),
(2958, 113, '2025-04-19 00:00:00', '2', NULL),
(2959, 106, '2025-04-19 00:00:00', '1', NULL),
(2960, 130, '2025-04-19 00:00:00', '1', NULL),
(2961, 109, '2025-04-19 00:00:00', '2', NULL),
(2962, 89, '2025-04-19 00:00:00', '1', NULL),
(2963, 110, '2025-04-19 00:00:00', '5', NULL),
(2964, 103, '2025-04-19 00:00:00', '5', NULL),
(2965, 133, '2025-04-19 00:00:00', '1', NULL),
(2966, 135, '2025-04-19 00:00:00', '1', NULL),
(2967, 87, '2025-04-20 00:00:00', '1', NULL),
(2968, 111, '2025-04-20 00:00:00', '3', NULL),
(2969, 111, '2025-04-20 00:00:00', '25', NULL),
(2970, 111, '2025-04-20 00:00:00', '3', NULL),
(2971, 113, '2025-04-20 00:00:00', '3', NULL),
(2972, 88, '2025-04-20 00:00:00', '1', NULL),
(2973, 128, '2025-04-20 00:00:00', '1', NULL),
(2974, 99, '2025-04-20 00:00:00', '1', NULL),
(2975, 107, '2025-04-20 00:00:00', '80', NULL),
(2976, 136, '2025-04-20 00:00:00', '12', NULL),
(2977, 133, '2025-04-20 00:00:00', '10', NULL),
(2978, 138, '2025-04-20 00:00:00', '1', NULL),
(2979, 116, '2025-04-20 00:00:00', '1', NULL),
(2980, 134, '2025-04-20 00:00:00', '1', NULL),
(2981, 105, '2025-04-20 00:00:00', '3', NULL),
(2982, 114, '2025-04-20 00:00:00', '1', NULL),
(2983, 127, '2025-04-20 00:00:00', '1', NULL),
(2984, 139, '2025-04-20 00:00:00', '1', NULL),
(2985, 110, '2025-04-20 00:00:00', '25', NULL),
(2986, 107, '2025-04-20 00:00:00', '175', NULL),
(2987, 87, '2025-04-21 00:00:00', '5', NULL),
(2988, 111, '2025-04-21 00:00:00', '3', NULL),
(2989, 111, '2025-04-21 00:00:00', '3', NULL),
(2990, 140, '2025-04-21 00:00:00', '3.5', NULL),
(2991, 115, '2025-04-21 00:00:00', '1', NULL),
(2992, 112, '2025-04-21 00:00:00', '5', NULL),
(2993, 146, '2025-04-21 00:00:00', '1', NULL),
(2994, 107, '2025-04-21 00:00:00', '30', NULL),
(2995, 137, '2025-04-21 00:00:00', '1', NULL),
(2996, 110, '2025-04-21 00:00:00', '2.5', NULL),
(2997, 111, '2025-04-21 00:00:00', '1', NULL),
(2998, 134, '2025-04-21 00:00:00', '2', NULL),
(2999, 103, '2025-04-21 00:00:00', '10', NULL),
(3000, 107, '2025-04-21 00:00:00', '60', NULL),
(3001, 150, '2025-04-21 00:00:00', '4', NULL),
(3002, 149, '2025-04-21 00:00:00', '2', NULL),
(3003, 143, '2025-04-21 00:00:00', '40', NULL),
(3004, 151, '2025-04-21 00:00:00', '20', NULL),
(3005, 103, '2025-04-22 00:00:00', '7', NULL),
(3006, 122, '2025-04-22 00:00:00', '2', NULL),
(3007, 135, '2025-04-22 00:00:00', '4', NULL),
(3008, 111, '2025-04-22 00:00:00', '4', NULL),
(3009, 133, '2025-04-22 00:00:00', '2', NULL),
(3010, 104, '2025-04-22 00:00:00', '4', NULL),
(3011, 105, '2025-04-22 00:00:00', '2', NULL),
(3012, 96, '2025-04-22 00:00:00', '2', NULL),
(3013, 91, '2025-04-22 00:00:00', '1', NULL),
(3014, 111, '2025-04-22 00:00:00', '0.5', NULL),
(3015, 110, '2025-04-22 00:00:00', '17.5', NULL),
(3016, 107, '2025-04-22 00:00:00', '90', NULL),
(3017, 152, '2025-04-22 00:00:00', '1', NULL),
(3018, 139, '2025-04-22 00:00:00', '1', NULL),
(3019, 113, '2025-04-22 00:00:00', '2', NULL),
(3020, 106, '2025-04-22 00:00:00', '6', NULL),
(3021, 130, '2025-04-22 00:00:00', '1', NULL),
(3022, 111, '2025-04-22 00:00:00', '5', NULL),
(3023, 111, '2025-04-22 00:00:00', '5', NULL),
(3024, 127, '2025-04-22 00:00:00', '4', NULL),
(3025, 111, '2025-04-22 00:00:00', '4', NULL),
(3026, 114, '2025-04-22 00:00:00', '4', NULL),
(3027, 155, '2025-04-22 00:00:00', '2', NULL),
(3028, 111, '2025-04-26 00:00:00', '4', NULL),
(3029, 103, '2025-04-22 00:00:00', '10', NULL),
(3030, 90, '2025-04-22 00:00:00', '24', NULL),
(3031, 141, '2025-04-22 00:00:00', '2', NULL),
(3032, 93, '2025-04-22 00:00:00', '24', NULL),
(3033, 92, '2025-04-22 00:00:00', '24', NULL),
(3034, 155, '2025-04-22 00:00:00', '1', NULL),
(3035, 107, '2025-04-22 00:00:00', '30', NULL),
(3036, 111, '2025-04-23 00:00:00', '4', NULL),
(3037, 103, '2025-04-23 00:00:00', '10', NULL),
(3038, 156, '2025-04-23 00:00:00', '5', NULL),
(3039, 115, '2025-04-23 00:00:00', '5', NULL),
(3040, 114, '2025-04-23 00:00:00', '1', NULL),
(3041, 111, '2025-04-23 00:00:00', '3', NULL),
(3042, 150, '2025-04-23 00:00:00', '2', NULL),
(3043, 107, '2025-04-23 00:00:00', '60', NULL),
(3044, 113, '2025-04-23 00:00:00', '2', NULL),
(3045, 107, '2025-04-23 00:00:00', '60', NULL),
(3046, 130, '2025-04-23 00:00:00', '1', NULL),
(3047, 140, '2025-04-23 00:00:00', '6.5', NULL),
(3048, 114, '2025-04-24 00:00:00', '1', NULL),
(3049, 149, '2025-04-23 00:00:00', '1', NULL),
(3050, 111, '2025-04-24 00:00:00', '4', NULL),
(3051, 103, '2025-04-24 00:00:00', '10', NULL),
(3052, 107, '2025-04-24 00:00:00', '6', NULL),
(3053, 155, '2025-04-24 00:00:00', '1', NULL),
(3054, 111, '2025-04-24 00:00:00', '3', NULL),
(3055, 107, '2025-04-24 00:00:00', '30', NULL),
(3056, 104, '2025-04-24 00:00:00', '5', NULL),
(3057, 110, '2025-04-24 00:00:00', '4', NULL),
(3058, 110, '2025-04-24 00:00:00', '21', NULL),
(3059, 111, '2025-04-25 00:00:00', '3', NULL),
(3060, 103, '2025-04-25 00:00:00', '20', NULL),
(3061, 156, '2025-04-25 00:00:00', '6', NULL),
(3062, 130, '2025-04-25 00:00:00', '1', NULL),
(3063, 113, '2025-04-26 00:00:00', '1', NULL),
(3064, 107, '2025-04-26 00:00:00', '60', NULL),
(3065, 126, '2025-04-26 00:00:00', '1', NULL),
(3066, 89, '2025-04-26 00:00:00', '1', NULL),
(3067, 111, '2025-04-26 00:00:00', '3.5', NULL),
(3068, 136, '2025-04-26 00:00:00', '1', NULL),
(3069, 87, '2025-04-26 00:00:00', '1', NULL),
(3070, 103, '2025-04-26 00:00:00', '6', NULL),
(3071, 133, '2025-04-26 00:00:00', '1', NULL),
(3072, 104, '2025-04-26 00:00:00', '1', NULL),
(3073, 150, '2025-04-26 00:00:00', '2', NULL),
(3074, 113, '2025-04-26 00:00:00', '2', NULL),
(3075, 130, '2025-04-26 00:00:00', '1', NULL),
(3076, 124, '2025-04-26 00:00:00', '1', NULL),
(3077, 150, '2025-04-27 00:00:00', '2', NULL),
(3078, 111, '2025-04-27 00:00:00', '2', NULL),
(3079, 88, '2025-04-27 00:00:00', '4', NULL),
(3080, 88, '2025-04-27 00:00:00', '20', NULL),
(3081, 155, '2025-04-24 00:00:00', '3', NULL),
(3082, 114, '2025-04-27 00:00:00', '4', NULL),
(3083, 105, '2025-04-23 00:00:00', '2', NULL),
(3084, 89, '2025-04-26 00:00:00', '2', NULL),
(3085, 104, '2025-04-27 00:00:00', '11', NULL),
(3086, 116, '2025-04-27 00:00:00', '1', NULL),
(3087, 157, '2025-04-27 00:00:00', '1', NULL),
(3088, 158, '2025-04-27 00:00:00', '1', NULL),
(3089, 122, '2025-04-27 00:00:00', '2', NULL),
(3090, 161, '2025-04-27 00:00:00', '2', NULL),
(3091, 107, '2025-04-27 00:00:00', '98', NULL),
(3092, 119, '2025-04-21 00:00:00', '56', NULL),
(3093, 144, '2025-04-21 00:00:00', '42', NULL),
(3094, 142, '2025-04-21 00:00:00', '39', NULL),
(3095, 147, '2025-04-21 00:00:00', '40', NULL),
(3096, 107, '2025-04-28 00:00:00', '60', NULL),
(3097, 132, '2025-04-28 00:00:00', '1', NULL),
(3098, 104, '2025-04-28 00:00:00', '4', NULL),
(3099, 137, '2025-04-28 00:00:00', '1', NULL),
(3100, 155, '2025-04-28 00:00:00', '1', NULL),
(3101, 88, '2025-04-28 00:00:00', '1', NULL),
(3102, 107, '2025-04-28 00:00:00', '30', NULL),
(3103, 111, '2025-04-28 00:00:00', '5', NULL),
(3104, 103, '2025-04-28 00:00:00', '4', NULL),
(3105, 105, '2025-04-28 00:00:00', '1', NULL),
(3106, 136, '2025-04-28 00:00:00', '1', NULL),
(3107, 107, '2025-04-28 00:00:00', '45', NULL),
(3108, 103, '2025-04-28 00:00:00', '7', NULL),
(3109, 156, '2025-04-28 00:00:00', '6', NULL),
(3110, 111, '2025-04-28 00:00:00', '4', NULL),
(3111, 137, '2025-04-28 00:00:00', '1', NULL),
(3112, 150, '2025-04-28 00:00:00', '1', NULL),
(3113, 107, '2025-04-28 00:00:00', '95', NULL),
(3114, 146, '2025-04-28 00:00:00', '1', NULL),
(3115, 118, '2025-04-28 00:00:00', '30', NULL),
(3116, 162, '2025-04-28 00:00:00', '17', NULL),
(3117, 163, '2025-04-28 00:00:00', '9', NULL),
(3118, 120, '2025-04-28 00:00:00', '60', NULL),
(3119, 162, '2025-04-29 00:00:00', '5', NULL),
(3120, 119, '2025-04-29 00:00:00', '8', NULL),
(3121, 110, '2025-04-28 00:00:00', '1', NULL),
(3122, 154, '2025-04-28 00:00:00', '1', NULL),
(3123, 115, '2025-04-28 00:00:00', '4', NULL),
(3124, 155, '2025-04-28 00:00:00', '1', NULL),
(3125, 107, '2025-04-29 00:00:00', '60', NULL),
(3126, 110, '2025-04-29 00:00:00', '2', NULL),
(3127, 113, '2025-04-29 00:00:00', '1', NULL),
(3128, 104, '2025-04-29 00:00:00', '2', NULL),
(3129, 103, '2025-04-29 00:00:00', '10', NULL),
(3130, 111, '2025-04-29 00:00:00', '2', NULL),
(3131, 107, '2025-04-30 00:00:00', '90', NULL),
(3132, 137, '2025-04-30 00:00:00', '1', NULL),
(3133, 132, '2025-04-30 00:00:00', '1', NULL),
(3134, 111, '2025-04-30 00:00:00', '2', NULL),
(3135, 134, '2025-04-30 00:00:00', '2', NULL),
(3136, 155, '2025-04-30 00:00:00', '1', NULL),
(3137, 107, '2025-04-30 00:00:00', '49', NULL),
(3138, 168, '2025-04-30 00:00:00', '1', NULL),
(3139, 114, '2025-04-30 00:00:00', '1', NULL),
(3140, 107, '2025-04-30 00:00:00', '30', NULL),
(3141, 110, '2025-04-30 00:00:00', '2', NULL),
(3142, 168, '2025-04-30 00:00:00', '1', NULL),
(3143, 128, '2025-04-30 00:00:00', '1', NULL),
(3144, 158, '2025-04-30 00:00:00', '1', NULL),
(3145, 103, '2025-04-30 00:00:00', '3', NULL),
(3146, 123, '2025-04-30 00:00:00', '1', NULL),
(3147, 136, '2025-04-30 00:00:00', '1', NULL),
(3148, 134, '2025-04-30 00:00:00', '1', NULL),
(3149, 150, '2025-04-30 00:00:00', '1', NULL),
(3150, 110, '2025-04-30 00:00:00', '20', NULL),
(3151, 111, '2025-04-30 00:00:00', '7.5', NULL),
(3152, 144, '2025-04-30 00:00:00', '10', NULL),
(3153, 119, '2025-04-30 00:00:00', '10', NULL),
(3154, 107, '2025-04-30 00:00:00', '6', NULL),
(3155, 117, '2025-04-30 00:00:00', '160', NULL),
(3156, 169, '2025-04-30 00:00:00', '40', NULL),
(3157, 164, '2025-04-30 00:00:00', '20', NULL),
(3158, 143, '2025-04-30 00:00:00', '43', NULL),
(3159, 147, '2025-04-30 00:00:00', '20', NULL),
(3160, 142, '2025-04-30 00:00:00', '20', NULL),
(3161, 151, '2025-04-30 00:00:00', '30', NULL),
(3162, 107, '2025-05-01 00:00:00', '10', NULL),
(3163, 154, '2025-05-01 00:00:00', '2', NULL),
(3164, 107, '2025-05-01 00:00:00', '45', NULL),
(3165, 113, '2025-05-01 00:00:00', '1', NULL),
(3166, 111, '2025-05-01 00:00:00', '7', NULL),
(3167, 103, '2025-05-01 00:00:00', '4', NULL),
(3168, 153, '2025-05-01 00:00:00', '1', NULL),
(3169, 133, '2025-05-01 00:00:00', '1', NULL),
(3170, 104, '2025-05-01 00:00:00', '1', NULL),
(3171, 135, '2025-05-01 00:00:00', '1', NULL),
(3172, 114, '2025-05-01 00:00:00', '5', NULL),
(3173, 170, '2025-05-01 00:00:00', '1', NULL),
(3174, 110, '2025-05-01 00:00:00', '5', NULL),
(3175, 107, '2025-05-01 00:00:00', '90', NULL),
(3176, 127, '2025-05-01 00:00:00', '1', NULL),
(3177, 134, '2025-05-01 00:00:00', '4', NULL),
(3178, 150, '2025-05-01 00:00:00', '2', NULL),
(3179, 130, '2025-05-01 00:00:00', '1', NULL),
(3180, 132, '2025-05-01 00:00:00', '2', NULL),
(3181, 111, '2025-05-02 00:00:00', '3', NULL),
(3182, 107, '2025-05-02 00:00:00', '90', NULL),
(3183, 103, '2025-05-02 00:00:00', '10', NULL),
(3184, 156, '2025-05-02 00:00:00', '10', NULL),
(3185, 111, '2025-05-02 00:00:00', '4', NULL),
(3186, 95, '2025-05-02 00:00:00', '24', NULL),
(3187, 115, '2025-05-02 00:00:00', '3', NULL),
(3188, 114, '2025-05-02 00:00:00', '3', NULL),
(3189, 130, '2025-05-02 00:00:00', '1', NULL),
(3190, 171, '2025-05-02 00:00:00', '49', NULL),
(3191, 167, '2025-05-02 00:00:00', '3', NULL),
(3192, 107, '2025-05-03 00:00:00', '30', NULL),
(3193, 89, '2025-05-03 00:00:00', '1', NULL),
(3194, 107, '2025-05-03 00:00:00', '2', NULL),
(3195, 113, '2025-05-03 00:00:00', '1', NULL),
(3196, 107, '2025-05-03 00:00:00', '60', NULL),
(3197, 113, '2025-05-03 00:00:00', '2', NULL),
(3198, 114, '2025-05-03 00:00:00', '1', NULL),
(3199, 168, '2025-05-01 00:00:00', '4', NULL),
(3200, 175, '2025-05-03 00:00:00', '0.5', NULL),
(3201, 110, '2025-05-03 00:00:00', '1', NULL),
(3202, 89, '2025-05-04 00:00:00', '4', NULL),
(3203, 150, '2025-05-04 00:00:00', '1', NULL),
(3204, 113, '2025-05-04 00:00:00', '1', NULL),
(3205, 149, '2025-05-04 00:00:00', '1', NULL),
(3206, 114, '2025-05-04 00:00:00', '1', NULL),
(3207, 151, '2025-05-02 00:00:00', '30', NULL),
(3208, 163, '2025-05-02 00:00:00', '20', NULL),
(3209, 110, '2025-05-04 00:00:00', '11', NULL),
(3210, 97, '2025-05-04 00:00:00', '500', NULL),
(3211, 104, '2025-05-04 00:00:00', '2', NULL),
(3212, 103, '2025-05-04 00:00:00', '4', NULL),
(3213, 153, '2025-05-04 00:00:00', '2', NULL),
(3214, 123, '2025-05-04 00:00:00', '1', NULL),
(3215, 111, '2025-05-04 00:00:00', '4', NULL),
(3216, 105, '2025-05-04 00:00:00', '1', NULL),
(3217, 150, '2025-05-04 00:00:00', '1', NULL),
(3218, 134, '2025-05-04 00:00:00', '1', NULL),
(3219, 133, '2025-05-04 00:00:00', '1', NULL),
(3220, 87, '2025-05-04 00:00:00', '1', NULL),
(3221, 130, '2025-05-04 00:00:00', '1', NULL),
(3222, 130, '2025-05-04 00:00:00', '14', NULL),
(3223, 110, '2025-05-04 00:00:00', '2', NULL),
(3224, 175, '2025-05-04 00:00:00', '1', NULL),
(3225, 137, '2025-05-04 00:00:00', '1', NULL),
(3226, 128, '2025-05-04 00:00:00', '1', NULL),
(3227, 158, '2025-05-04 00:00:00', '1', NULL),
(3228, 174, '2025-05-04 00:00:00', '10', NULL),
(3229, 107, '2025-05-04 00:00:00', '50', NULL),
(3230, 107, '2025-05-04 00:00:00', '20', NULL),
(3231, 170, '2025-05-04 00:00:00', '1', NULL),
(3232, 111, '2025-05-04 00:00:00', '4', NULL),
(3233, 108, '2025-05-04 00:00:00', '14.6', NULL),
(3234, 111, '2025-05-05 00:00:00', '3', NULL),
(3235, 107, '2025-05-05 00:00:00', '2', NULL),
(3236, 114, '2025-05-05 00:00:00', '1', NULL),
(3237, 168, '2025-05-05 00:00:00', '1', NULL),
(3238, 175, '2025-05-05 00:00:00', '1', NULL),
(3239, 110, '2025-05-05 00:00:00', '3', NULL),
(3240, 104, '2025-05-05 00:00:00', '4', NULL),
(3241, 137, '2025-05-05 00:00:00', '1', NULL),
(3242, 111, '2025-05-05 00:00:00', '2', NULL),
(3243, 134, '2025-05-05 00:00:00', '1', NULL),
(3244, 150, '2025-05-05 00:00:00', '1', NULL),
(3245, 110, '2025-05-05 00:00:00', '2', NULL),
(3246, 87, '2025-05-05 00:00:00', '1', NULL),
(3247, 107, '2025-05-06 00:00:00', '30', NULL),
(3248, 179, '2025-05-06 00:00:00', '4', NULL),
(3249, 107, '2025-05-06 00:00:00', '30', NULL),
(3250, 106, '2025-05-06 00:00:00', '2', NULL),
(3251, 182, '2025-05-06 00:00:00', '1', NULL),
(3252, 104, '2025-05-06 00:00:00', '2', NULL),
(3253, 178, '2025-05-06 00:00:00', '2', NULL),
(3254, 113, '2025-05-06 00:00:00', '2', NULL),
(3255, 106, '2025-05-06 00:00:00', '2', NULL),
(3256, 180, '2025-05-06 00:00:00', '3', NULL),
(3257, 108, '2025-05-05 00:00:00', '5.4', NULL),
(3258, 113, '2025-05-05 00:00:00', '1', NULL),
(3259, 154, '2025-05-05 00:00:00', '1', NULL),
(3260, 111, '2025-05-06 00:00:00', '5', NULL),
(3261, 150, '2025-05-06 00:00:00', '1', NULL),
(3262, 134, '2025-05-06 00:00:00', '1', NULL),
(3263, 123, '2025-05-06 00:00:00', '1', NULL),
(3264, 107, '2025-05-06 00:00:00', '10', NULL),
(3265, 111, '2025-05-06 00:00:00', '5', NULL),
(3266, 156, '2025-05-06 00:00:00', '5', NULL),
(3267, 103, '2025-05-06 00:00:00', '13', NULL),
(3268, 111, '2025-05-05 00:00:00', '3', NULL),
(3269, 103, '2025-05-05 00:00:00', '16', NULL),
(3270, 115, '2025-05-05 00:00:00', '3', NULL),
(3271, 132, '2025-05-06 00:00:00', '1', NULL),
(3272, 134, '2025-05-06 00:00:00', '1', NULL),
(3273, 107, '2025-05-07 00:00:00', '30', NULL),
(3274, 107, '2025-05-07 00:00:00', '18', NULL),
(3275, 107, '2025-05-07 00:00:00', '4', NULL),
(3276, 111, '2025-05-07 00:00:00', '3', NULL),
(3277, 179, '2025-05-06 00:00:00', '2', NULL),
(3278, 179, '2025-05-07 00:00:00', '12', NULL),
(3279, 110, '2025-05-07 00:00:00', '3', NULL),
(3280, 179, '2025-05-07 00:00:00', '2', NULL),
(3281, 104, '2025-05-07 00:00:00', '2', NULL),
(3282, 137, '2025-05-07 00:00:00', '2', NULL),
(3283, 132, '2025-05-07 00:00:00', '1', NULL),
(3284, 149, '2025-05-05 00:00:00', '1', NULL),
(3285, 167, '2025-05-07 00:00:00', '2', NULL),
(3286, 144, '2025-05-07 00:00:00', '2', NULL),
(3287, 162, '2025-05-07 00:00:00', '1', NULL),
(3288, 107, '2025-05-07 00:00:00', '30', NULL),
(3289, 107, '2025-05-07 00:00:00', '12', NULL),
(3290, 89, '2025-05-08 00:00:00', '1', NULL),
(3291, 111, '2025-05-08 00:00:00', '2', NULL),
(3292, 113, '2025-05-08 00:00:00', '1', NULL),
(3293, 106, '2025-05-08 00:00:00', '2', NULL),
(3294, 130, '2025-05-08 00:00:00', '1', NULL),
(3295, 179, '2025-05-08 00:00:00', '5', NULL),
(3296, 150, '2025-05-08 00:00:00', '1', NULL),
(3297, 134, '2025-05-08 00:00:00', '1', NULL),
(3298, 110, '2025-05-08 00:00:00', '3', NULL),
(3299, 175, '2025-05-08 00:00:00', '1', NULL),
(3300, 179, '2025-05-08 00:00:00', '3', NULL),
(3301, 104, '2025-05-08 00:00:00', '4', NULL),
(3302, 103, '2025-05-08 00:00:00', '16', NULL),
(3303, 111, '2025-05-08 00:00:00', '4', NULL),
(3304, 179, '2025-05-08 00:00:00', '4', NULL),
(3305, 107, '2025-05-08 00:00:00', '30', NULL),
(3306, 175, '2025-05-08 00:00:00', '1', NULL),
(3307, 114, '2025-05-08 00:00:00', '1', NULL),
(3308, 108, '2025-05-08 00:00:00', '5', NULL),
(3309, 108, '2025-05-08 00:00:00', '2', NULL),
(3310, 108, '2025-05-08 00:00:00', '5', NULL);

-- --------------------------------------------------------

--
-- Struktur dari tabel `masuk`
--

CREATE TABLE `masuk` (
  `ID_MASUK` int(11) NOT NULL,
  `ID_BARANG` int(11) NOT NULL,
  `TANGGAL_MASUK` datetime DEFAULT NULL,
  `JUMLAH_MASUK` varchar(11) DEFAULT NULL
) ENGINE=InnoDB DEFAULT CHARSET=utf8mb4;

--
-- Dumping data untuk tabel `masuk`
--

INSERT INTO `masuk` (`ID_MASUK`, `ID_BARANG`, `TANGGAL_MASUK`, `JUMLAH_MASUK`) VALUES
(862, 87, '2025-04-12 00:00:00', '6'),
(863, 88, '2025-04-13 00:00:00', '20'),
(864, 89, '2025-04-13 00:00:00', '20'),
(865, 90, '2025-04-13 00:00:00', '120'),
(866, 91, '2025-04-13 00:00:00', '60'),
(867, 92, '2025-04-13 00:00:00', '120'),
(868, 93, '2025-04-13 00:00:00', '120'),
(869, 94, '2025-04-13 00:00:00', '1'),
(870, 95, '2025-04-13 00:00:00', '60'),
(871, 96, '2025-04-13 00:00:00', '60'),
(872, 97, '2025-04-13 00:00:00', '1000'),
(873, 98, '2025-04-13 00:00:00', '500'),
(874, 99, '2025-04-13 00:00:00', '4'),
(875, 100, '2025-04-13 00:00:00', '1000'),
(876, 101, '2025-04-13 00:00:00', '2'),
(877, 102, '2025-04-13 00:00:00', '3'),
(878, 103, '2025-04-13 00:00:00', '1'),
(879, 104, '2025-04-13 00:00:00', '1'),
(880, 105, '2025-04-13 00:00:00', '1'),
(881, 107, '2025-04-14 00:00:00', '400'),
(882, 111, '2025-04-14 00:00:00', '50'),
(883, 128, '2025-04-18 00:00:00', '12'),
(884, 110, '2025-04-18 00:00:00', '50'),
(885, 107, '2025-04-18 00:00:00', '250'),
(886, 111, '2025-04-20 00:00:00', '9'),
(887, 133, '2025-04-20 00:00:00', '20'),
(888, 122, '2025-04-20 00:00:00', '12'),
(889, 137, '2025-04-20 00:00:00', '24'),
(890, 113, '2025-04-20 00:00:00', '8'),
(891, 106, '2025-04-20 00:00:00', '9'),
(892, 140, '2025-04-21 00:00:00', '10'),
(893, 105, '2025-04-20 00:00:00', '3'),
(894, 115, '2025-04-21 00:00:00', '10'),
(895, 112, '2025-04-21 00:00:00', '10'),
(896, 142, '2025-04-21 00:00:00', '39'),
(897, 143, '2025-04-21 00:00:00', '55'),
(898, 144, '2025-04-19 00:00:00', '54'),
(899, 119, '2025-04-19 00:00:00', '64'),
(900, 145, '2025-04-19 00:00:00', '29'),
(901, 147, '2025-04-21 00:00:00', '44'),
(902, 111, '2025-04-21 00:00:00', '25'),
(903, 135, '2025-04-21 00:00:00', '16'),
(904, 113, '2025-04-20 00:00:00', '7'),
(905, 104, '2025-04-20 00:00:00', '3'),
(906, 133, '2025-04-20 00:00:00', '1'),
(907, 148, '2025-04-20 00:00:00', '3'),
(908, 149, '2025-04-20 00:00:00', '5'),
(909, 104, '2025-04-22 00:00:00', '7'),
(910, 107, '2025-04-21 00:00:00', '246'),
(911, 152, '2025-04-20 00:00:00', '6'),
(912, 153, '2025-04-22 00:00:00', '12'),
(913, 122, '2025-04-22 00:00:00', '12'),
(914, 116, '2025-04-22 00:00:00', '2'),
(915, 154, '2025-04-22 00:00:00', '6'),
(916, 126, '2025-04-22 00:00:00', '5'),
(917, 104, '2025-04-22 00:00:00', '15'),
(918, 97, '2025-04-22 00:00:00', '1000'),
(919, 87, '2025-04-22 00:00:00', '6'),
(920, 155, '2025-04-22 00:00:00', '10'),
(921, 115, '2025-04-22 00:00:00', '4'),
(922, 103, '2025-04-22 00:00:00', '48'),
(923, 156, '2025-04-22 00:00:00', '48'),
(924, 114, '2025-04-22 00:00:00', '10'),
(925, 107, '2025-04-22 00:00:00', '245'),
(926, 113, '2025-04-22 00:00:00', '3'),
(927, 111, '2025-04-23 00:00:00', '50'),
(928, 110, '2025-04-24 00:00:00', '25'),
(929, 150, '2025-04-25 00:00:00', '2'),
(930, 134, '2025-04-25 00:00:00', '5'),
(931, 115, '2025-04-25 00:00:00', '3'),
(932, 88, '2025-04-27 00:00:00', '2'),
(933, 123, '2025-04-27 00:00:00', '3'),
(934, 159, '2025-04-27 00:00:00', '11'),
(935, 159, '2025-04-27 00:00:00', '3'),
(936, 132, '2025-04-27 00:00:00', '4'),
(937, 160, '2025-04-27 00:00:00', '2'),
(938, 161, '2025-04-27 00:00:00', '5'),
(939, 110, '2025-04-27 00:00:00', '25'),
(940, 162, '2025-04-26 00:00:00', '43'),
(941, 143, '2025-04-26 00:00:00', '24'),
(942, 122, '2025-04-28 00:00:00', '1'),
(943, 107, '2025-04-28 00:00:00', '304'),
(944, 144, '2025-04-29 00:00:00', '33'),
(945, 164, '2025-04-29 00:00:00', '21'),
(946, 142, '2025-04-29 00:00:00', '43'),
(947, 119, '2025-04-29 00:00:00', '49'),
(948, 104, '2025-04-28 00:00:00', '10'),
(949, 103, '2025-04-28 00:00:00', '48'),
(950, 165, '2025-04-29 00:00:00', '6'),
(951, 166, '2025-04-29 00:00:00', '2'),
(952, 167, '2025-04-29 00:00:00', '5'),
(953, 168, '2025-04-30 00:00:00', '6'),
(954, 150, '2025-04-30 00:00:00', '10'),
(955, 114, '2025-04-30 00:00:00', '9'),
(956, 114, '2025-04-30 00:00:00', '1'),
(957, 134, '2025-04-30 00:00:00', '10'),
(958, 107, '2025-04-30 00:00:00', '301'),
(959, 169, '2025-04-30 00:00:00', '80'),
(960, 110, '2025-04-30 00:00:00', '25'),
(961, 111, '2025-04-30 00:00:00', '50'),
(962, 128, '2025-05-01 00:00:00', '7'),
(963, 117, '2025-05-02 00:00:00', '156'),
(964, 147, '2025-05-02 00:00:00', '38'),
(965, 164, '2025-05-02 00:00:00', '24'),
(966, 151, '2025-05-03 00:00:00', '80'),
(967, 103, '2025-05-03 00:00:00', '96'),
(968, 156, '2025-05-03 00:00:00', '48'),
(969, 104, '2025-05-03 00:00:00', '48'),
(970, 88, '2025-05-03 00:00:00', '20'),
(971, 115, '2025-05-03 00:00:00', '10'),
(972, 105, '2025-05-03 00:00:00', '12'),
(973, 113, '2025-05-03 00:00:00', '10'),
(974, 87, '2025-05-03 00:00:00', '6'),
(975, 97, '2025-05-03 00:00:00', '1000'),
(976, 98, '2025-05-03 00:00:00', '500'),
(977, 99, '2025-05-03 00:00:00', '4'),
(978, 107, '2025-05-03 00:00:00', '245'),
(979, 110, '2025-05-03 00:00:00', '25'),
(980, 111, '2025-05-03 00:00:00', '50'),
(981, 172, '2025-05-03 00:00:00', '2'),
(982, 173, '2025-05-03 00:00:00', '0.25'),
(983, 116, '2025-05-03 00:00:00', '3'),
(984, 139, '2025-05-03 00:00:00', '2'),
(985, 170, '2025-05-03 00:00:00', '3'),
(986, 133, '2025-05-03 00:00:00', '11'),
(987, 174, '2025-05-03 00:00:00', '81'),
(988, 135, '2025-05-03 00:00:00', '12'),
(989, 162, '2025-05-03 00:00:00', '37'),
(990, 114, '2025-05-03 00:00:00', '10'),
(991, 168, '2025-05-03 00:00:00', '6'),
(992, 143, '2025-05-04 00:00:00', '56'),
(993, 108, '2025-05-01 00:00:00', '40'),
(994, 176, '2025-05-04 00:00:00', '19'),
(995, 177, '2025-05-03 00:00:00', '19'),
(996, 176, '2025-05-04 00:00:00', '48'),
(997, 177, '2025-05-04 00:00:00', '22'),
(998, 118, '2025-05-04 00:00:00', '79'),
(999, 106, '2025-05-06 00:00:00', '18'),
(1000, 178, '2025-05-06 00:00:00', '4'),
(1001, 179, '2025-05-06 00:00:00', '24'),
(1002, 180, '2025-05-06 00:00:00', '3'),
(1003, 181, '2025-05-06 00:00:00', '2'),
(1004, 182, '2025-05-06 00:00:00', '2'),
(1005, 179, '2025-05-07 00:00:00', '36'),
(1006, 107, '2025-05-07 00:00:00', '253'),
(1007, 130, '2025-05-06 00:00:00', '5'),
(1010, 184, '2025-06-13 13:09:00', '15');

-- --------------------------------------------------------

--
-- Struktur dari tabel `users`
--

CREATE TABLE `users` (
  `id` bigint(20) UNSIGNED NOT NULL,
  `name` varchar(255) COLLATE utf8mb4_unicode_ci NOT NULL,
  `email` varchar(255) COLLATE utf8mb4_unicode_ci NOT NULL,
  `email_verified_at` timestamp NULL DEFAULT NULL,
  `password` varchar(255) COLLATE utf8mb4_unicode_ci NOT NULL,
  `remember_token` varchar(100) COLLATE utf8mb4_unicode_ci DEFAULT NULL,
  `created_at` timestamp NULL DEFAULT NULL,
  `updated_at` timestamp NULL DEFAULT NULL
) ENGINE=InnoDB DEFAULT CHARSET=utf8mb4 COLLATE=utf8mb4_unicode_ci;

--
-- Indexes for dumped tables
--

--
-- Indeks untuk tabel `akun`
--
ALTER TABLE `akun`
  ADD PRIMARY KEY (`ID`);

--
-- Indeks untuk tabel `gudang`
--
ALTER TABLE `gudang`
  ADD PRIMARY KEY (`ID_BARANG`),
  ADD KEY `wfgdfgfdgg` (`id_user`);

--
-- Indeks untuk tabel `keluar`
--
ALTER TABLE `keluar`
  ADD PRIMARY KEY (`ID_KELUAR`),
  ADD KEY `dweere` (`ID_BARANG`);

--
-- Indeks untuk tabel `masuk`
--
ALTER TABLE `masuk`
  ADD PRIMARY KEY (`ID_MASUK`),
  ADD KEY `ytfc56` (`ID_BARANG`);

--
-- Indeks untuk tabel `users`
--
ALTER TABLE `users`
  ADD PRIMARY KEY (`id`),
  ADD UNIQUE KEY `users_email_unique` (`email`);

--
-- AUTO_INCREMENT untuk tabel yang dibuang
--

--
-- AUTO_INCREMENT untuk tabel `akun`
--
ALTER TABLE `akun`
  MODIFY `ID` int(11) NOT NULL AUTO_INCREMENT, AUTO_INCREMENT=2;

--
-- AUTO_INCREMENT untuk tabel `gudang`
--
ALTER TABLE `gudang`
  MODIFY `ID_BARANG` int(11) NOT NULL AUTO_INCREMENT, AUTO_INCREMENT=185;

--
-- AUTO_INCREMENT untuk tabel `keluar`
--
ALTER TABLE `keluar`
  MODIFY `ID_KELUAR` int(11) NOT NULL AUTO_INCREMENT, AUTO_INCREMENT=3311;

--
-- AUTO_INCREMENT untuk tabel `masuk`
--
ALTER TABLE `masuk`
  MODIFY `ID_MASUK` int(11) NOT NULL AUTO_INCREMENT, AUTO_INCREMENT=1011;

--
-- AUTO_INCREMENT untuk tabel `users`
--
ALTER TABLE `users`
  MODIFY `id` bigint(20) UNSIGNED NOT NULL AUTO_INCREMENT;

--
-- Ketidakleluasaan untuk tabel pelimpahan (Dumped Tables)
--

--
-- Ketidakleluasaan untuk tabel `gudang`
--
ALTER TABLE `gudang`
  ADD CONSTRAINT `wfgdfgfdgg` FOREIGN KEY (`id_user`) REFERENCES `akun` (`ID`);

--
-- Ketidakleluasaan untuk tabel `keluar`
--
ALTER TABLE `keluar`
  ADD CONSTRAINT `dweere` FOREIGN KEY (`ID_BARANG`) REFERENCES `gudang` (`ID_BARANG`);

--
-- Ketidakleluasaan untuk tabel `masuk`
--
ALTER TABLE `masuk`
  ADD CONSTRAINT `ytfc56` FOREIGN KEY (`ID_BARANG`) REFERENCES `gudang` (`ID_BARANG`);
COMMIT;

/*!40101 SET CHARACTER_SET_CLIENT=@OLD_CHARACTER_SET_CLIENT */;
/*!40101 SET CHARACTER_SET_RESULTS=@OLD_CHARACTER_SET_RESULTS */;
/*!40101 SET COLLATION_CONNECTION=@OLD_COLLATION_CONNECTION */;
